personuri,leveluri
http://webdev1.lasp.colorado.edu:57529/vivo/individual/n588676707,http://webdev1.lasp.colorado.edu:57529/vivo/individual/n2185
http://webdev1.lasp.colorado.edu:57529/vivo/individual/n588676707,http://webdev1.lasp.colorado.edu:57529/vivo/individual/n3970
http://webdev1.lasp.colorado.edu:57529/vivo/individual/n588676707,http://webdev1.lasp.colorado.edu:57529/vivo/individual/n6849
http://webdev1.lasp.colorado.edu:57529/vivo/individual/n1570151423,http://webdev1.lasp.colorado.edu:57529/vivo/individual/n2185
http://webdev1.lasp.colorado.edu:57529/vivo/individual/n1570151423,http://webdev1.lasp.colorado.edu:57529/vivo/individual/n3970
http://webdev1.lasp.colorado.edu:57529/vivo/individual/n1570151423,http://webdev1.lasp.colorado.edu:57529/vivo/individual/n6849
http://webdev1.lasp.colorado.edu:57529/vivo/individual/n1286655618,http://webdev1.lasp.colorado.edu:57529/vivo/individual/n2185
http://webdev1.lasp.colorado.edu:57529/vivo/individual/n1286655618,http://webdev1.lasp.colorado.edu:57529/vivo/individual/n3970
http://webdev1.lasp.colorado.edu:57529/vivo/individual/n1286655618,http://webdev1.lasp.colorado.edu:57529/vivo/individual/n6849
